<?xml version="1.0" encoding="UTF-8"?>
<odoo>
    <data>
        <record id="mail.ir_cron_module_update_notification" model="ir.cron">
            <field name="name">Publisher: Update Notification</field>
            <field name="model_id" ref="model_publisher_warranty_contract" />
            <field name="state">code</field>
            <field name="code">model.update_notification(None)</field>
            <field name="user_id" ref="base.user_root" />
            <field name="interval_number">120</field>
            <field name="interval_type">months</field>
            <field name="numbercall">-1</field>
            <field name="nextcall" eval="(DateTime.now() + timedelta(days=90)).strftime('%Y-%m-%d %H:%M:%S')" />
            <field eval="False" name="doall" />
            <field name="active" eval="False" />
            <field name="priority">1000</field>
        </record>
    </data>
</odoo>